{
    "gender_analysis": [
        {
            "性别": "女",
            "总选课人数": 3443,
            "实际学习人数": 3399,
            "群体学习参与率": 0.9872,
            "人均学习课程数": 20.945572227125623,
            "人均学习时长": 20.720785525154458,
            "学习完成度均值": 0.8403034664839184,
            "课程覆盖度": 0.4969108561341571
        },
        {
            "性别": "男",
            "总选课人数": 6917,
            "实际学习人数": 6846,
            "群体学习参与率": 0.9897,
            "人均学习课程数": 19.799298860648555,
            "人均学习时长": 20.735143149284255,
            "学习完成度均值": 0.8363497470845471,
            "课程覆盖度": 0.26628688285130003
        }
    ],
    "age_analysis": [
        {
            "年龄(岁)": 22,
            "总选课人数": 1,
            "实际学习人数": 1,
            "群体学习参与率": 1.0,
            "人均学习课程数": 14.0,
            "人均学习时长": 12.38,
            "学习完成度均值": 0.7859183673469389,
            "课程覆盖度": 14.0
        },
        {
            "年龄(岁)": 23,
            "总选课人数": 2,
            "实际学习人数": 2,
            "群体学习参与率": 1.0,
            "人均学习课程数": 10.0,
            "人均学习时长": 27.38,
            "学习完成度均值": 0.7658976574500768,
            "课程覆盖度": 10.0
        },
        {
            "年龄(岁)": 24,
            "总选课人数": 15,
            "实际学习人数": 15,
            "群体学习参与率": 1.0,
            "人均学习课程数": 19.533333333333335,
            "人均学习时长": 22.24666666666667,
            "学习完成度均值": 0.8643118523502936,
            "课程覆盖度": 14.533333333333333
        },
        {
            "年龄(岁)": 25,
            "总选课人数": 43,
            "实际学习人数": 43,
            "群体学习参与率": 1.0,
            "人均学习课程数": 17.558139534883722,
            "人均学习时长": 22.946279069767442,
            "学习完成度均值": 0.8749842476775856,
            "课程覆盖度": 10.720930232558139
        },
        {
            "年龄(岁)": 26,
            "总选课人数": 71,
            "实际学习人数": 69,
            "群体学习参与率": 0.9718,
            "人均学习课程数": 18.36231884057971,
            "人均学习时长": 20.567101449275363,
            "学习完成度均值": 0.8282853418500126,
            "课程覆盖度": 8.594202898550725
        },
        {
            "年龄(岁)": 27,
            "总选课人数": 113,
            "实际学习人数": 113,
            "群体学习参与率": 1.0,
            "人均学习课程数": 18.548672566371682,
            "人均学习时长": 19.284513274336284,
            "学习完成度均值": 0.8422301599864975,
            "课程覆盖度": 6.787610619469026
        },
        {
            "年龄(岁)": 28,
            "总选课人数": 163,
            "实际学习人数": 163,
            "群体学习参与率": 1.0,
            "人均学习课程数": 18.58282208588957,
            "人均学习时长": 20.937423312883435,
            "学习完成度均值": 0.8367128060418442,
            "课程覆盖度": 4.828220858895706
        },
        {
            "年龄(岁)": 29,
            "总选课人数": 310,
            "实际学习人数": 310,
            "群体学习参与率": 1.0,
            "人均学习课程数": 19.980645161290322,
            "人均学习时长": 21.676000000000002,
            "学习完成度均值": 0.8199837034356002,
            "课程覆盖度": 3.4483870967741934
        },
        {
            "年龄(岁)": 30,
            "总选课人数": 385,
            "实际学习人数": 382,
            "群体学习参与率": 0.9922,
            "人均学习课程数": 20.130890052356023,
            "人均学习时长": 23.692722513089002,
            "学习完成度均值": 0.8437385389358013,
            "课程覆盖度": 2.7094240837696337
        },
        {
            "年龄(岁)": 31,
            "总选课人数": 482,
            "实际学习人数": 481,
            "群体学习参与率": 0.9979,
            "人均学习课程数": 20.41787941787942,
            "人均学习时长": 21.868711018711018,
            "学习完成度均值": 0.8251400616300121,
            "课程覆盖度": 2.5592515592515594
        },
        {
            "年龄(岁)": 32,
            "总选课人数": 644,
            "实际学习人数": 638,
            "群体学习参与率": 0.9907,
            "人均学习课程数": 19.57680250783699,
            "人均学习时长": 20.832115987460817,
            "学习完成度均值": 0.8411678025264138,
            "课程覆盖度": 1.9106583072100314
        },
        {
            "年龄(岁)": 33,
            "总选课人数": 653,
            "实际学习人数": 646,
            "群体学习参与率": 0.9893,
            "人均学习课程数": 18.043343653250773,
            "人均学习时长": 19.783931888544892,
            "学习完成度均值": 0.8389560592681389,
            "课程覆盖度": 1.9860681114551084
        },
        {
            "年龄(岁)": 34,
            "总选课人数": 623,
            "实际学习人数": 614,
            "群体学习参与率": 0.9856,
            "人均学习课程数": 19.27687296416938,
            "人均学习时长": 20.430667752442996,
            "学习完成度均值": 0.851269472314043,
            "课程覆盖度": 1.9364820846905537
        },
        {
            "年龄(岁)": 35,
            "总选课人数": 637,
            "实际学习人数": 630,
            "群体学习参与率": 0.989,
            "人均学习课程数": 21.065079365079367,
            "人均学习时长": 21.33236507936508,
            "学习完成度均值": 0.8321859754354275,
            "课程覆盖度": 2.0174603174603174
        },
        {
            "年龄(岁)": 36,
            "总选课人数": 622,
            "实际学习人数": 616,
            "群体学习参与率": 0.9904,
            "人均学习课程数": 20.008116883116884,
            "人均学习时长": 21.281980519480516,
            "学习完成度均值": 0.8524269537500059,
            "课程覆盖度": 1.9837662337662338
        },
        {
            "年龄(岁)": 37,
            "总选课人数": 764,
            "实际学习人数": 752,
            "群体学习参与率": 0.9843,
            "人均学习课程数": 18.408244680851062,
            "人均学习时长": 18.879162234042553,
            "学习完成度均值": 0.8439397301807678,
            "课程覆盖度": 1.6888297872340425
        },
        {
            "年龄(岁)": 38,
            "总选课人数": 545,
            "实际学习人数": 535,
            "群体学习参与率": 0.9817,
            "人均学习课程数": 19.22803738317757,
            "人均学习时长": 19.57252336448598,
            "学习完成度均值": 0.8343107879177761,
            "课程覆盖度": 2.302803738317757
        },
        {
            "年龄(岁)": 39,
            "总选课人数": 511,
            "实际学习人数": 507,
            "群体学习参与率": 0.9922,
            "人均学习课程数": 17.682445759368836,
            "人均学习时长": 18.87297830374753,
            "学习完成度均值": 0.8407391269363411,
            "课程覆盖度": 2.2347140039447733
        },
        {
            "年龄(岁)": 40,
            "总选课人数": 474,
            "实际学习人数": 468,
            "群体学习参与率": 0.9873,
            "人均学习课程数": 20.162393162393162,
            "人均学习时长": 20.112051282051283,
            "学习完成度均值": 0.831371771255059,
            "课程覆盖度": 2.448717948717949
        },
        {
            "年龄(岁)": 41,
            "总选课人数": 358,
            "实际学习人数": 355,
            "群体学习参与率": 0.9916,
            "人均学习课程数": 20.123943661971833,
            "人均学习时长": 20.57118309859155,
            "学习完成度均值": 0.8254111376726603,
            "课程覆盖度": 3.067605633802817
        },
        {
            "年龄(岁)": 42,
            "总选课人数": 333,
            "实际学习人数": 330,
            "群体学习参与率": 0.991,
            "人均学习课程数": 18.618181818181817,
            "人均学习时长": 18.58021212121212,
            "学习完成度均值": 0.8313361210098069,
            "课程覆盖度": 3.2181818181818183
        },
        {
            "年龄(岁)": 43,
            "总选课人数": 284,
            "实际学习人数": 276,
            "群体学习参与率": 0.9718,
            "人均学习课程数": 21.282608695652176,
            "人均学习时长": 22.05322463768116,
            "学习完成度均值": 0.8545240457237516,
            "课程覆盖度": 3.75
        },
        {
            "年龄(岁)": 44,
            "总选课人数": 219,
            "实际学习人数": 216,
            "群体学习参与率": 0.9863,
            "人均学习课程数": 21.99537037037037,
            "人均学习时长": 21.047037037037036,
            "学习完成度均值": 0.8420956587367346,
            "课程覆盖度": 4.5
        },
        {
            "年龄(岁)": 45,
            "总选课人数": 242,
            "实际学习人数": 238,
            "群体学习参与率": 0.9835,
            "人均学习课程数": 22.915966386554622,
            "人均学习时长": 21.86063025210084,
            "学习完成度均值": 0.8292233977866132,
            "课程覆盖度": 4.483193277310924
        },
        {
            "年龄(岁)": 46,
            "总选课人数": 195,
            "实际学习人数": 194,
            "群体学习参与率": 0.9949,
            "人均学习课程数": 22.314432989690722,
            "人均学习时长": 20.006134020618553,
            "学习完成度均值": 0.8426845576535004,
            "课程覆盖度": 5.056701030927835
        },
        {
            "年龄(岁)": 47,
            "总选课人数": 186,
            "实际学习人数": 185,
            "群体学习参与率": 0.9946,
            "人均学习课程数": 19.697297297297297,
            "人均学习时长": 19.097891891891894,
            "学习完成度均值": 0.8501782450732106,
            "课程覆盖度": 5.027027027027027
        },
        {
            "年龄(岁)": 48,
            "总选课人数": 148,
            "实际学习人数": 145,
            "群体学习参与率": 0.9797,
            "人均学习课程数": 21.275862068965516,
            "人均学习时长": 20.83848275862069,
            "学习完成度均值": 0.8291834251743552,
            "课程覆盖度": 5.531034482758621
        },
        {
            "年龄(岁)": 49,
            "总选课人数": 128,
            "实际学习人数": 127,
            "群体学习参与率": 0.9922,
            "人均学习课程数": 20.5748031496063,
            "人均学习时长": 19.779370078740158,
            "学习完成度均值": 0.8330512161067226,
            "课程覆盖度": 6.440944881889764
        },
        {
            "年龄(岁)": 50,
            "总选课人数": 129,
            "实际学习人数": 127,
            "群体学习参与率": 0.9845,
            "人均学习课程数": 20.488188976377952,
            "人均学习时长": 18.1703937007874,
            "学习完成度均值": 0.8424144265769034,
            "课程覆盖度": 6.566929133858268
        },
        {
            "年龄(岁)": 51,
            "总选课人数": 133,
            "实际学习人数": 131,
            "群体学习参与率": 0.985,
            "人均学习课程数": 25.541984732824428,
            "人均学习时长": 21.90328244274809,
            "学习完成度均值": 0.81714007644586,
            "课程覆盖度": 6.412213740458015
        },
        {
            "年龄(岁)": 52,
            "总选课人数": 112,
            "实际学习人数": 107,
            "群体学习参与率": 0.9554,
            "人均学习课程数": 25.02803738317757,
            "人均学习时长": 24.509626168224298,
            "学习完成度均值": 0.8349247475495369,
            "课程覆盖度": 7.598130841121495
        },
        {
            "年龄(岁)": 53,
            "总选课人数": 141,
            "实际学习人数": 139,
            "群体学习参与率": 0.9858,
            "人均学习课程数": 23.071942446043167,
            "人均学习时长": 21.614460431654674,
            "学习完成度均值": 0.8316329857850155,
            "课程覆盖度": 6.366906474820144
        },
        {
            "年龄(岁)": 54,
            "总选课人数": 171,
            "实际学习人数": 170,
            "群体学习参与率": 0.9942,
            "人均学习课程数": 23.570588235294117,
            "人均学习时长": 22.309411764705885,
            "学习完成度均值": 0.8453600202663603,
            "课程覆盖度": 5.58235294117647
        },
        {
            "年龄(岁)": 55,
            "总选课人数": 160,
            "实际学习人数": 159,
            "群体学习参与率": 0.9938,
            "人均学习课程数": 26.132075471698112,
            "人均学习时长": 24.988553459119498,
            "学习完成度均值": 0.8352060628035037,
            "课程覆盖度": 6.849056603773585
        },
        {
            "年龄(岁)": 56,
            "总选课人数": 165,
            "实际学习人数": 164,
            "群体学习参与率": 0.9939,
            "人均学习课程数": 23.21951219512195,
            "人均学习时长": 22.74829268292683,
            "学习完成度均值": 0.8376148882049619,
            "课程覆盖度": 5.7317073170731705
        },
        {
            "年龄(岁)": 57,
            "总选课人数": 77,
            "实际学习人数": 77,
            "群体学习参与率": 1.0,
            "人均学习课程数": 24.324675324675326,
            "人均学习时长": 21.756623376623374,
            "学习完成度均值": 0.8163200988856183,
            "课程覆盖度": 9.35064935064935
        },
        {
            "年龄(岁)": 58,
            "总选课人数": 29,
            "实际学习人数": 29,
            "群体学习参与率": 1.0,
            "人均学习课程数": 24.310344827586206,
            "人均学习时长": 22.646896551724137,
            "学习完成度均值": 0.7918315499075861,
            "课程覆盖度": 15.96551724137931
        },
        {
            "年龄(岁)": 59,
            "总选课人数": 36,
            "实际学习人数": 35,
            "群体学习参与率": 0.9722,
            "人均学习课程数": 29.0,
            "人均学习时长": 23.861428571428572,
            "学习完成度均值": 0.8373622752693,
            "课程覆盖度": 15.457142857142857
        },
        {
            "年龄(岁)": 60,
            "总选课人数": 17,
            "实际学习人数": 17,
            "群体学习参与率": 1.0,
            "人均学习课程数": 23.176470588235293,
            "人均学习时长": 25.218235294117648,
            "学习完成度均值": 0.8139818453377352,
            "课程覆盖度": 17.647058823529413
        },
        {
            "年龄(岁)": 61,
            "总选课人数": 12,
            "实际学习人数": 12,
            "群体学习参与率": 1.0,
            "人均学习课程数": 15.916666666666666,
            "人均学习时长": 23.153333333333332,
            "学习完成度均值": 0.8664942217724786,
            "课程覆盖度": 14.166666666666666
        },
        {
            "年龄(岁)": 62,
            "总选课人数": 9,
            "实际学习人数": 9,
            "群体学习参与率": 1.0,
            "人均学习课程数": 19.0,
            "人均学习时长": 25.508888888888887,
            "学习完成度均值": 0.8106750599761435,
            "课程覆盖度": 16.22222222222222
        },
        {
            "年龄(岁)": 63,
            "总选课人数": 6,
            "实际学习人数": 6,
            "群体学习参与率": 1.0,
            "人均学习课程数": 6.333333333333333,
            "人均学习时长": 4.784999999999999,
            "学习完成度均值": 0.6756970310391363,
            "课程覆盖度": 6.0
        },
        {
            "年龄(岁)": 64,
            "总选课人数": 4,
            "实际学习人数": 4,
            "群体学习参与率": 1.0,
            "人均学习课程数": 25.0,
            "人均学习时长": 21.547500000000003,
            "学习完成度均值": 0.7436520940170941,
            "课程覆盖度": 23.75
        },
        {
            "年龄(岁)": 65,
            "总选课人数": 1,
            "实际学习人数": 1,
            "群体学习参与率": 1.0,
            "人均学习课程数": 23.0,
            "人均学习时长": 51.010000000000005,
            "学习完成度均值": 0.8856457800511509,
            "课程覆盖度": 23.0
        },
        {
            "年龄(岁)": 66,
            "总选课人数": 2,
            "实际学习人数": 2,
            "群体学习参与率": 1.0,
            "人均学习课程数": 33.0,
            "人均学习时长": 28.805,
            "学习完成度均值": 0.7377599524658348,
            "课程覆盖度": 33.0
        },
        {
            "年龄(岁)": 69,
            "总选课人数": 1,
            "实际学习人数": 1,
            "群体学习参与率": 1.0,
            "人均学习课程数": 1.0,
            "人均学习时长": 0.03,
            "学习完成度均值": 0.06,
            "课程覆盖度": 1.0
        },
        {
            "年龄(岁)": 70,
            "总选课人数": 1,
            "实际学习人数": 1,
            "群体学习参与率": 1.0,
            "人均学习课程数": 21.0,
            "人均学习时长": 22.599999999999998,
            "学习完成度均值": 1.0476190476190477,
            "课程覆盖度": 21.0
        },
        {
            "年龄(岁)": 75,
            "总选课人数": 1,
            "实际学习人数": 1,
            "群体学习参与率": 1.0,
            "人均学习课程数": 2.0,
            "人均学习时长": 0.9,
            "学习完成度均值": 1.0,
            "课程覆盖度": 2.0
        },
        {
            "年龄(岁)": 80,
            "总选课人数": 1,
            "实际学习人数": 1,
            "群体学习参与率": 1.0,
            "人均学习课程数": 10.0,
            "人均学习时长": 12.099999999999998,
            "学习完成度均值": 1.0,
            "课程覆盖度": 10.0
        },
        {
            "年龄(岁)": 86,
            "总选课人数": 1,
            "实际学习人数": 1,
            "群体学习参与率": 1.0,
            "人均学习课程数": 1.0,
            "人均学习时长": 0.16,
            "学习完成度均值": 0.39999999999999997,
            "课程覆盖度": 1.0
        }
    ],
    "rank_analysis": [
        {
            "职级": "中级",
            "总选课人数": 4244,
            "实际学习人数": 4204,
            "群体学习参与率": 0.9906,
            "人均学习课程数": 20.915318744053284,
            "人均学习时长": 21.871239295908655,
            "学习完成度均值": 0.8435392764709831,
            "课程覆盖度": 0.40913415794481445
        },
        {
            "职级": "初级及以下",
            "总选课人数": 789,
            "实际学习人数": 786,
            "群体学习参与率": 0.9962,
            "人均学习课程数": 21.108142493638677,
            "人均学习时长": 23.350979643765903,
            "学习完成度均值": 0.8409586717009288,
            "课程覆盖度": 1.643765903307888
        },
        {
            "职级": "副高级",
            "总选课人数": 3726,
            "实际学习人数": 3681,
            "群体学习参与率": 0.9879,
            "人均学习课程数": 19.788644390111383,
            "人均学习时长": 19.866199402336324,
            "学习完成度均值": 0.8316197053401039,
            "课程覆盖度": 0.4582993751697908
        },
        {
            "职级": "正高级",
            "总选课人数": 1601,
            "实际学习人数": 1574,
            "群体学习参与率": 0.9831,
            "人均学习课程数": 18.665184243964422,
            "人均学习时长": 18.395616264294787,
            "学习完成度均值": 0.8335393553670026,
            "课程覆盖度": 0.9180432020330368
        }
    ]
}